date,open,high,low,close,adj_close,volume,year,month,day,day_of_week
2018-02-05,262,267,250,254,254,11896100,2018,2,5,0
2018-02-06,247,266,245,265,265,12595800,2018,2,6,1
2018-02-07,266,272,264,264,264,8981500,2018,2,7,2
2018-02-08,267,267,250,250,250,9306700,2018,2,8,3
2018-02-09,253,255,236,249,249,16906900,2018,2,9,4
2018-02-12,252,259,249,257,257,8534900,2018,2,12,0
2018-02-13,257,261,254,258,258,6855200,2018,2,13,1
2018-02-14,260,269,260,266,266,10972000,2018,2,14,2
2018-02-15,270,280,267,280,280,10759700,2018,2,15,3
2018-02-16,278,281,275,278,278,8312400,2018,2,16,4
2018-02-20,277,285,276,278,278,7769000,2018,2,20,1
2018-02-21,282,286,280,281,281,9371100,2018,2,21,2
2018-02-22,283,284,274,278,278,8891500,2018,2,22,3
2018-02-23,281,286,277,285,285,7301800,2018,2,23,4
2018-02-26,288,295,287,294,294,10268600,2018,2,26,0
2018-02-27,294,297,290,290,290,9416500,2018,2,27,1
2018-02-28,293,295,290,291,291,7653500,2018,2,28,2
2018-03-01,292,295,283,290,290,11932100,2018,3,1,3
2018-03-02,284,301,283,301,301,13345300,2018,3,2,4
2018-03-05,302,316,297,315,315,18986100,2018,3,5,0
2018-03-06,319,325,316,325,325,18525800,2018,3,6,1
2018-03-07,320,323,314,321,321,17132200,2018,3,7,2
2018-03-08,322,322,314,317,317,11340100,2018,3,8,3
2018-03-09,321,331,320,331,331,14500200,2018,3,9,4
2018-03-12,333,333,318,321,321,20369200,2018,3,12,0
2018-03-13,323,325,313,315,315,12917200,2018,3,13,1
2018-03-14,318,323,317,321,321,10475100,2018,3,14,2
2018-03-15,323,323,318,321,321,5642900,2018,3,15,3
2018-03-16,321,324,318,318,318,7333700,2018,3,16,4
2018-03-19,315,317,307,313,313,9925200,2018,3,19,0
2018-03-20,313,319,312,317,317,5991900,2018,3,20,1
2018-03-21,316,319,314,316,316,5263900,2018,3,21,2
2018-03-22,313,314,305,306,306,8063300,2018,3,22,3
2018-03-23,307,309,300,300,300,9529900,2018,3,23,4
2018-03-26,309,321,302,320,320,11988300,2018,3,26,0
2018-03-27,322,322,297,300,300,12068600,2018,3,27,1
2018-03-28,298,298,281,285,285,18972900,2018,3,28,2
2018-03-29,287,295,275,295,295,19145500,2018,3,29,3
2018-04-02,291,292,275,280,280,13405800,2018,4,2,0
2018-04-03,285,291,278,283,283,12694900,2018,4,3,1
2018-04-04,273,290,271,288,288,12914000,2018,4,4,2
2018-04-05,293,299,289,293,293,10655200,2018,4,5,3
2018-04-06,289,298,285,288,288,11444800,2018,4,6,4
2018-04-09,291,299,289,289,289,9853600,2018,4,9,0
2018-04-10,297,298,291,298,298,10660500,2018,4,10,1
2018-04-11,302,311,301,303,303,14877400,2018,4,11,2
2018-04-12,309,311,306,309,309,10249400,2018,4,12,3
2018-04-13,317,317,308,311,311,12046600,2018,4,13,4
2018-04-16,315,316,304,307,307,20307900,2018,4,16,0
2018-04-17,329,338,323,336,336,33866500,2018,4,17,1
2018-04-18,336,338,331,334,334,11221100,2018,4,18,2
2018-04-19,332,335,326,332,332,8438800,2018,4,19,3
2018-04-20,332,336,326,327,327,9158700,2018,4,20,4
2018-04-23,329,331,317,318,318,8968000,2018,4,23,0
2018-04-24,319,320,302,307,307,13893200,2018,4,24,1
2018-04-25,306,309,292,305,305,14919700,2018,4,25,2
2018-04-26,310,316,305,313,313,9266700,2018,4,26,3
2018-04-27,316,317,306,311,311,7074400,2018,4,27,4
2018-04-30,311,317,310,312,312,6088800,2018,4,30,0
2018-05-01,310,313,306,313,313,6036600,2018,5,1,1
2018-05-02,311,317,310,313,313,5697100,2018,5,2,2
2018-05-03,312,312,305,311,311,6135800,2018,5,3,3
2018-05-04,308,320,307,320,320,8209500,2018,5,4,4
2018-05-07,321,329,319,326,326,7117800,2018,5,7,0
2018-05-08,325,327,323,326,326,4735700,2018,5,8,1
2018-05-09,328,331,327,330,330,5633400,2018,5,9,2
2018-05-10,331,332,327,329,329,5302300,2018,5,10,3
2018-05-11,329,331,324,326,326,4589700,2018,5,11,4
2018-05-14,327,330,327,328,328,4089800,2018,5,14,0
2018-05-15,325,326,322,326,326,4746100,2018,5,15,1
2018-05-16,326,329,325,328,328,3671700,2018,5,16,2
2018-05-17,327,330,323,325,325,4935700,2018,5,17,3
2018-05-18,324,326,322,324,324,3577700,2018,5,18,4
2018-05-21,327,331,325,331,331,6657300,2018,5,21,0
2018-05-22,334,336,331,331,331,5964400,2018,5,22,1
2018-05-23,329,345,328,344,344,10049100,2018,5,23,2
2018-05-24,344,354,341,349,349,14758600,2018,5,24,3
2018-05-25,349,354,348,351,351,7817400,2018,5,25,4
2018-05-29,351,356,346,349,349,9717900,2018,5,29,1
2018-05-30,352,354,349,353,353,5685500,2018,5,30,2
2018-05-31,353,355,350,351,351,6921700,2018,5,31,3
2018-06-01,353,359,352,359,359,7112300,2018,6,1,4
2018-06-04,362,363,355,361,361,7682000,2018,6,4,0
2018-06-05,363,369,361,365,365,8358000,2018,6,5,1
2018-06-06,367,369,363,367,367,7712300,2018,6,6,2
2018-06-07,368,368,357,361,361,8278000,2018,6,7,3
2018-06-08,358,362,356,360,360,5225700,2018,6,8,4
2018-06-11,361,365,360,361,361,4432400,2018,6,11,0
2018-06-12,363,365,362,363,363,4291000,2018,6,12,1
2018-06-13,367,384,364,379,379,18222800,2018,6,13,2
2018-06-14,384,395,383,392,392,14598300,2018,6,14,3
2018-06-15,390,398,387,391,391,13588100,2018,6,15,4
2018-06-18,387,393,386,390,390,6824800,2018,6,18,0
2018-06-19,389,405,388,404,404,16697100,2018,6,19,1
2018-06-20,415,419,409,416,416,16494600,2018,6,20,2
2018-06-21,421,423,406,415,415,18389900,2018,6,21,3
2018-06-22,419,420,409,411,411,10428600,2018,6,22,4
2018-06-25,404,405,378,384,384,22490900,2018,6,25,0
2018-06-26,393,404,389,399,399,15191200,2018,6,26,1
2018-06-27,407,411,390,390,390,16541400,2018,6,27,2
2018-06-28,395,396,387,395,395,12219900,2018,6,28,3
2018-06-29,399,401,390,391,391,9252500,2018,6,29,4
2018-07-02,385,398,380,398,398,8142500,2018,7,2,0
2018-07-03,399,399,389,390,390,5280300,2018,7,3,1
2018-07-05,393,399,390,398,398,8448900,2018,7,5,3
2018-07-06,397,408,395,408,408,8629600,2018,7,6,4
2018-07-09,415,419,411,418,418,11127500,2018,7,9,0
2018-07-10,417,419,413,415,415,9382900,2018,7,10,1
2018-07-11,411,419,410,418,418,9713900,2018,7,11,2
2018-07-12,415,416,407,413,413,12743300,2018,7,12,3
2018-07-13,409,410,395,395,395,15719000,2018,7,13,4
2018-07-16,398,403,391,400,400,22960000,2018,7,16,0
2018-07-17,346,385,344,379,379,58410400,2018,7,17,1
2018-07-18,381,383,372,375,375,21746300,2018,7,18,2
2018-07-19,371,375,363,364,364,16878700,2018,7,19,3
2018-07-20,364,370,360,361,361,15096700,2018,7,20,4
2018-07-23,359,363,353,362,362,11505200,2018,7,23,0
2018-07-24,366,367,354,357,357,12851500,2018,7,24,1
2018-07-25,357,363,355,362,362,8467800,2018,7,25,2
2018-07-26,358,365,356,363,363,6993700,2018,7,26,3
2018-07-27,366,367,351,355,355,8949500,2018,7,27,4
2018-07-30,351,352,334,334,334,18260700,2018,7,30,0
2018-07-31,331,342,328,337,337,14085400,2018,7,31,1
2018-08-01,335,344,334,338,338,7790500,2018,8,1,2
2018-08-02,337,345,334,344,344,7131300,2018,8,2,3
2018-08-03,347,347,338,343,343,8848400,2018,8,3,4
2018-08-06,342,351,341,350,350,8198100,2018,8,6,0
2018-08-07,353,357,349,351,351,7970900,2018,8,7,1
2018-08-08,352,352,346,347,347,5394700,2018,8,8,2
2018-08-09,347,352,345,349,349,4820300,2018,8,9,3
2018-08-10,346,349,344,345,345,4328400,2018,8,10,4
2018-08-13,339,347,339,341,341,6888900,2018,8,13,0
2018-08-14,342,342,336,337,337,5805200,2018,8,14,1
2018-08-15,334,335,321,326,326,11784500,2018,8,15,2
2018-08-16,329,331,321,322,322,6689700,2018,8,16,3
2018-08-17,319,324,312,316,316,10407900,2018,8,17,4
2018-08-20,314,331,310,327,327,13591100,2018,8,20,0
2018-08-21,331,341,329,338,338,14783200,2018,8,21,1
2018-08-22,338,346,337,344,344,8930700,2018,8,22,2
2018-08-23,348,350,337,339,339,11336400,2018,8,23,3
2018-08-24,346,359,344,358,358,14729100,2018,8,24,4
2018-08-27,367,374,360,364,364,17427300,2018,8,27,0
2018-08-28,367,369,360,368,368,9222600,2018,8,28,1
2018-08-29,367,369,362,368,368,8118700,2018,8,29,2
2018-08-30,365,376,363,370,370,10981000,2018,8,30,3
2018-08-31,370,376,367,367,367,7943400,2018,8,31,4
2018-09-04,366,368,361,363,363,7605200,2018,9,4,1
2018-09-05,360,363,335,341,341,13092800,2018,9,5,2
2018-09-06,347,356,341,346,346,13050200,2018,9,6,3
2018-09-07,342,355,341,348,348,9105800,2018,9,7,4
2018-09-10,352,352,343,348,348,5752200,2018,9,10,0
2018-09-11,344,356,343,355,355,6198100,2018,9,11,1
2018-09-12,359,370,356,369,369,10480800,2018,9,12,2
2018-09-13,371,374,366,368,368,8366100,2018,9,13,3
2018-09-14,368,371,363,364,364,4756400,2018,9,14,4
2018-09-17,364,367,349,350,350,7071900,2018,9,17,0
2018-09-18,353,368,351,367,367,10414000,2018,9,18,1
2018-09-19,373,377,359,366,366,11876800,2018,9,19,2
2018-09-20,370,370,363,365,365,6768100,2018,9,20,3
2018-09-21,366,372,360,361,361,11930600,2018,9,21,4
2018-09-24,359,373,354,369,369,9322500,2018,9,24,0
2018-09-25,370,371,364,369,369,6799800,2018,9,25,1
2018-09-26,373,382,370,377,377,13799700,2018,9,26,2
2018-09-27,379,383,376,380,380,7326200,2018,9,27,3
2018-09-28,379,380,373,374,374,7114900,2018,9,28,4
2018-10-01,375,386,375,381,381,8376600,2018,10,1,0
2018-10-02,384,386,373,377,377,8638700,2018,10,2,1
2018-10-03,378,380,374,377,377,5798600,2018,10,3,2
2018-10-04,375,375,360,363,363,9074400,2018,10,4,3
2018-10-05,359,363,343,351,351,13523000,2018,10,5,4
2018-10-08,345,352,338,349,349,12375500,2018,10,8,0
2018-10-09,348,358,347,355,355,8755000,2018,10,9,1
2018-10-10,353,355,325,325,325,17183100,2018,10,10,2
2018-10-11,324,334,315,321,321,16082100,2018,10,11,3
2018-10-12,339,341,328,339,339,14870800,2018,10,12,4
2018-10-15,337,339,326,333,333,11215000,2018,10,15,0
2018-10-16,337,347,330,346,346,20156400,2018,10,16,1
2018-10-17,378,380,356,364,364,32610900,2018,10,17,2
2018-10-18,360,362,346,346,346,18461000,2018,10,18,3
2018-10-19,351,355,332,332,332,16717200,2018,10,19,4
2018-10-22,333,335,320,329,329,17097200,2018,10,22,0
2018-10-23,318,336,316,333,333,14907300,2018,10,23,1
2018-10-24,332,333,300,301,301,19039300,2018,10,24,2
2018-10-25,307,319,305,312,312,13346900,2018,10,25,3
2018-10-26,300,313,292,299,299,19616000,2018,10,26,4
2018-10-29,305,307,275,284,284,21698800,2018,10,29,0
2018-10-30,275,290,271,285,285,23685700,2018,10,30,1
2018-10-31,297,311,295,301,301,20360300,2018,10,31,2
2018-11-01,304,318,296,317,317,15121500,2018,11,1,3
2018-11-02,318,321,308,309,309,13404600,2018,11,2,4
2018-11-05,311,317,303,315,315,10283000,2018,11,5,0
2018-11-06,314,320,305,310,310,9710400,2018,11,6,1
2018-11-07,312,328,311,327,327,13328300,2018,11,7,2
2018-11-08,328,332,316,317,317,11023900,2018,11,8,3
2018-11-09,311,312,298,303,303,13480800,2018,11,9,4
2018-11-12,300,302,290,294,294,10924800,2018,11,12,0
2018-11-13,295,303,289,294,294,12232200,2018,11,13,1
2018-11-14,300,301,278,286,286,16853600,2018,11,14,2
2018-11-15,285,292,282,290,290,9967100,2018,11,15,3
2018-11-16,287,291,281,286,286,9099500,2018,11,16,4
2018-11-19,283,285,269,270,270,12993800,2018,11,19,0
2018-11-20,254,276,250,266,266,16693800,2018,11,20,1
2018-11-21,274,275,261,262,262,11023000,2018,11,21,2
2018-11-23,260,265,256,258,258,5245100,2018,11,23,4
2018-11-26,260,266,253,261,261,12498600,2018,11,26,0
2018-11-27,259,269,256,266,266,11149500,2018,11,27,1
2018-11-28,271,284,263,282,282,14801300,2018,11,28,2
2018-11-29,282,290,275,288,288,15431500,2018,11,29,3
2018-11-30,288,290,283,286,286,11860100,2018,11,30,4
2018-12-03,293,298,284,290,290,14117400,2018,12,3,0
2018-12-04,288,295,274,275,275,12800600,2018,12,4,1
2018-12-06,268,283,267,282,282,13074300,2018,12,6,3
2018-12-07,282,284,263,265,265,12466700,2018,12,7,4
2018-12-10,264,271,260,269,269,9605600,2018,12,10,0
2018-12-11,274,274,262,265,265,9843200,2018,12,11,1
2018-12-12,267,281,266,274,274,11456700,2018,12,12,2
2018-12-13,277,279,271,276,276,8379300,2018,12,13,3
2018-12-14,271,277,265,266,266,9915300,2018,12,14,4
2018-12-17,266,272,261,262,262,9634700,2018,12,17,0
2018-12-18,263,275,263,270,270,10350100,2018,12,18,1
2018-12-19,269,280,263,266,266,13788400,2018,12,19,2
2018-12-20,264,269,251,260,260,16792900,2018,12,20,3
2018-12-21,263,264,241,246,246,21397600,2018,12,21,4
2018-12-24,242,250,233,233,233,9547600,2018,12,24,0
2018-12-26,233,254,231,253,253,14402700,2018,12,26,2
2018-12-27,250,255,240,255,255,12235200,2018,12,27,3
2018-12-28,257,261,249,256,256,10992800,2018,12,28,4
2018-12-31,260,270,260,267,267,13508900,2018,12,31,0
2019-01-02,259,269,256,267,267,11679500,2019,1,2,2
2019-01-03,270,275,264,271,271,14969600,2019,1,3,3
2019-01-04,281,297,278,297,297,19330100,2019,1,4,4
2019-01-07,302,316,301,315,315,18620100,2019,1,7,0
2019-01-08,319,320,308,320,320,15359200,2019,1,8,1
2019-01-09,317,323,313,319,319,13343200,2019,1,9,2
2019-01-10,314,325,312,324,324,13472500,2019,1,10,3
2019-01-11,330,341,328,337,337,19500400,2019,1,11,4
2019-01-14,334,335,329,332,332,10499600,2019,1,14,0
2019-01-15,349,357,347,354,354,21181200,2019,1,15,1
2019-01-16,354,358,348,351,351,15385500,2019,1,16,2
2019-01-17,349,355,346,353,353,18871200,2019,1,17,3
2019-01-18,351,353,336,339,339,26621000,2019,1,18,4
2019-01-22,334,336,321,325,325,17941400,2019,1,22,1
2019-01-23,328,331,318,321,321,13480100,2019,1,23,2
2019-01-24,320,331,319,326,326,11131600,2019,1,24,3
2019-01-25,328,340,328,338,338,11152900,2019,1,25,4
2019-01-28,334,336,328,335,335,8652100,2019,1,28,0
2019-01-29,335,338,328,328,328,7655200,2019,1,29,1
2019-01-30,332,341,330,340,340,9234500,2019,1,30,2
2019-01-31,339,345,338,339,339,8535500,2019,1,31,3
2019-02-01,337,346,336,339,339,9827800,2019,2,1,4
2019-02-04,342,352,341,351,351,9051400,2019,2,4,0
2019-02-05,353,360,352,355,355,9046600,2019,2,5,1
2019-02-06,357,357,347,352,352,6717700,2019,2,6,2
2019-02-07,347,348,339,344,344,7864500,2019,2,7,3
2019-02-08,338,348,338,347,347,7561400,2019,2,8,4
2019-02-11,350,352,344,345,345,5454900,2019,2,11,0
2019-02-12,348,360,346,359,359,10429400,2019,2,12,1
2019-02-13,357,359,350,351,351,10559100,2019,2,13,2
2019-02-14,351,360,348,359,359,9295300,2019,2,14,3
2019-02-15,358,364,355,356,356,9230000,2019,2,15,4
2019-02-19,355,365,355,361,361,7396600,2019,2,19,1
2019-02-20,364,366,356,359,359,8110700,2019,2,20,2
2019-02-21,360,362,353,356,356,6227900,2019,2,21,3
2019-02-22,360,366,360,363,363,7088200,2019,2,22,4
2019-02-25,367,371,363,363,363,7569300,2019,2,25,0
2019-02-26,362,365,359,364,364,4944600,2019,2,26,1
2019-02-27,363,368,359,362,362,5629900,2019,2,27,2
2019-02-28,362,366,357,358,358,6186800,2019,2,28,3
2019-03-01,362,362,354,357,357,5526500,2019,3,1,4
2019-03-04,359,362,348,351,351,7487000,2019,3,4,0
2019-03-05,351,356,348,354,354,5937800,2019,3,5,1
2019-03-06,353,359,351,359,359,6211900,2019,3,6,2
2019-03-07,360,362,350,352,352,6151300,2019,3,7,3
2019-03-08,345,349,342,349,349,6898800,2019,3,8,4
2019-03-11,352,358,350,358,358,5387300,2019,3,11,0
2019-03-12,359,360,353,356,356,5164600,2019,3,12,1
2019-03-13,355,362,352,361,361,6444100,2019,3,13,2
2019-03-14,360,363,358,358,358,5271400,2019,3,14,3
2019-03-15,361,364,358,361,361,8444500,2019,3,15,4
2019-03-18,362,370,361,363,363,7194700,2019,3,18,0
2019-03-19,366,366,356,358,358,7541400,2019,3,19,1
2019-03-20,358,375,357,375,375,10917200,2019,3,20,2
2019-03-21,374,379,370,377,377,8544000,2019,3,21,3
2019-03-22,375,376,360,361,361,8661300,2019,3,22,4
2019-03-25,359,367,357,366,366,8473800,2019,3,25,0
2019-03-26,367,368,358,359,359,7666500,2019,3,26,1
2019-03-27,361,362,350,353,353,7852400,2019,3,27,2
2019-03-28,354,355,349,354,354,4361000,2019,3,28,3
2019-03-29,357,358,353,356,356,4705600,2019,3,29,4
2019-04-01,359,368,358,366,366,7036100,2019,4,1,0
2019-04-02,366,368,362,367,367,5158700,2019,4,2,1
2019-04-03,369,373,366,369,369,5368900,2019,4,3,2
2019-04-04,370,372,362,367,367,4627300,2019,4,4,3
2019-04-05,369,369,364,365,365,3905500,2019,4,5,4
2019-04-08,365,365,359,361,361,4653800,2019,4,8,0
2019-04-09,360,366,359,364,364,5439200,2019,4,9,1
2019-04-10,365,368,362,363,363,4545600,2019,4,10,2
2019-04-11,365,370,360,367,367,6526900,2019,4,11,3
2019-04-12,360,361,349,351,351,15646200,2019,4,12,4
2019-04-15,350,352,342,348,348,8842300,2019,4,15,0
2019-04-16,355,364,352,359,359,18740200,2019,4,16,1
2019-04-17,365,368,350,354,354,18054100,2019,4,17,2
2019-04-18,355,360,351,360,360,8353200,2019,4,18,3
2019-04-22,359,377,359,377,377,11980500,2019,4,22,0
2019-04-23,375,384,374,381,381,10089800,2019,4,23,1
2019-04-24,381,381,373,374,374,6541900,2019,4,24,2
2019-04-25,374,374,365,368,368,6255500,2019,4,25,3
2019-04-26,368,375,366,374,374,5621900,2019,4,26,4
2019-04-29,373,374,369,371,371,3821700,2019,4,29,0
2019-04-30,369,374,368,370,370,3870100,2019,4,30,1
2019-05-01,374,385,373,378,378,9257300,2019,5,1,2
2019-05-02,378,383,374,379,379,5398200,2019,5,2,3
2019-05-03,381,385,378,385,385,5130300,2019,5,3,4
2019-05-06,377,381,376,378,378,5793100,2019,5,6,0
2019-05-07,377,379,365,370,370,6974900,2019,5,7,1
2019-05-08,367,369,361,364,364,6572000,2019,5,8,2
2019-05-09,360,364,352,362,362,5882600,2019,5,9,3
2019-05-10,361,365,353,361,361,5657100,2019,5,10,4
2019-05-13,352,354,343,345,345,8026700,2019,5,13,0
2019-05-14,348,349,342,345,345,5353000,2019,5,14,1
2019-05-15,343,356,341,354,354,6340100,2019,5,15,2
2019-05-16,356,364,353,359,359,6441500,2019,5,16,3
2019-05-17,356,359,353,354,354,4725400,2019,5,17,4
2019-05-20,351,352,345,348,348,4621500,2019,5,20,0
2019-05-21,350,356,349,354,354,4026400,2019,5,21,1
2019-05-22,358,370,357,359,359,6229400,2019,5,22,2
2019-05-23,355,357,347,352,352,5630400,2019,5,23,3
2019-05-24,355,359,353,354,354,3831000,2019,5,24,4
2019-05-28,354,361,353,355,355,4717100,2019,5,28,1
2019-05-29,353,353,345,349,349,5658900,2019,5,29,2
2019-05-30,350,354,348,351,351,4008000,2019,5,30,3
2019-05-31,347,349,342,343,343,5023400,2019,5,31,4
2019-06-03,343,347,332,336,336,7849600,2019,6,3,0
2019-06-04,345,353,343,353,353,7891600,2019,6,4,1
2019-06-05,354,357,348,355,355,5020100,2019,6,5,2
2019-06-06,354,358,352,357,357,3710000,2019,6,6,3
2019-06-07,357,365,355,360,360,4777300,2019,6,7,4
2019-06-10,363,367,349,352,352,7810300,2019,6,10,0
2019-06-11,355,357,348,351,351,5396700,2019,6,11,1
2019-06-12,351,353,343,345,345,4584700,2019,6,12,2
2019-06-13,347,348,339,343,343,6209300,2019,6,13,3
2019-06-14,341,343,336,339,339,5019000,2019,6,14,4
2019-06-17,342,351,342,350,350,5358200,2019,6,17,0
2019-06-18,355,361,353,357,357,5428500,2019,6,18,1
2019-06-19,361,364,356,363,363,5667200,2019,6,19,2
2019-06-20,365,370,361,365,365,5899500,2019,6,20,3
2019-06-21,365,371,365,369,369,7448400,2019,6,21,4
2019-06-24,370,375,370,371,371,4830200,2019,6,24,0
2019-06-25,370,371,358,360,360,5750400,2019,6,25,1
2019-06-26,361,366,361,362,362,3669700,2019,6,26,2
2019-06-27,363,370,363,370,370,4138600,2019,6,27,3
2019-06-28,370,371,364,367,367,4592700,2019,6,28,4
2019-07-01,373,376,372,374,374,4992600,2019,7,1,0
2019-07-02,374,376,370,375,375,3625000,2019,7,2,1
2019-07-03,376,381,375,381,381,3799000,2019,7,3,2
2019-07-05,378,381,375,380,380,3732200,2019,7,5,4
2019-07-08,378,378,375,376,376,3113400,2019,7,8,0
2019-07-09,379,384,377,379,379,6932800,2019,7,9,1
2019-07-10,382,384,362,381,381,5878800,2019,7,10,2
2019-07-11,381,384,378,379,379,4336300,2019,7,11,3
2019-07-12,378,379,372,373,373,6636900,2019,7,12,4
2019-07-15,372,373,362,366,366,7944700,2019,7,15,0
2019-07-16,370,371,364,365,365,5863200,2019,7,16,1
2019-07-17,366,366,361,362,362,13639500,2019,7,17,2
2019-07-18,323,329,320,325,325,31287100,2019,7,18,3
2019-07-19,323,325,314,315,315,16302500,2019,7,19,4
2019-07-22,312,314,305,310,310,17718000,2019,7,22,0
2019-07-23,311,313,306,307,307,9171100,2019,7,23,1
2019-07-24,310,319,307,317,317,11961800,2019,7,24,2
2019-07-25,318,327,316,326,326,10798500,2019,7,25,3
2019-07-26,328,336,327,335,335,10847500,2019,7,26,4
2019-07-29,335,336,328,332,332,5782800,2019,7,29,0
2019-07-30,329,329,323,325,325,6029300,2019,7,30,1
2019-07-31,325,331,318,322,322,6259500,2019,7,31,2
2019-08-01,324,328,318,319,319,6563200,2019,8,1,3
2019-08-02,317,319,311,318,318,6280300,2019,8,2,4
2019-08-05,310,313,304,307,307,8692500,2019,8,5,0
2019-08-06,310,311,305,310,310,6179100,2019,8,6,1
2019-08-07,302,305,296,304,304,9322400,2019,8,7,2
2019-08-08,311,316,306,315,315,5905900,2019,8,8,3
2019-08-09,313,316,305,308,308,5349100,2019,8,9,4
2019-08-12,305,312,303,310,310,6531700,2019,8,12,0
2019-08-13,309,316,308,312,312,5289400,2019,8,13,1
2019-08-14,308,308,298,299,299,7355800,2019,8,14,2
2019-08-15,299,300,288,295,295,9629200,2019,8,15,3
2019-08-16,298,303,296,302,302,6905800,2019,8,16,4
2019-08-19,306,311,304,309,309,4942200,2019,8,19,0
2019-08-20,304,305,297,298,298,7349900,2019,8,20,1
2019-08-21,301,302,296,297,297,5685400,2019,8,21,2
2019-08-22,298,300,293,296,296,4974200,2019,8,22,3
2019-08-23,295,299,290,291,291,6324900,2019,8,23,4
2019-08-26,295,296,292,294,294,4695700,2019,8,26,0
2019-08-27,294,296,287,291,291,6309400,2019,8,27,1
2019-08-28,289,292,287,291,291,3955700,2019,8,28,2
2019-08-29,295,299,294,296,296,4388500,2019,8,29,3
2019-08-30,298,298,290,293,293,4446400,2019,8,30,4
2019-09-03,290,293,288,289,289,3682800,2019,9,3,1
2019-09-04,291,292,286,291,291,4652500,2019,9,4,2
2019-09-05,285,293,282,293,293,8966800,2019,9,5,3
2019-09-06,293,293,287,290,290,5166600,2019,9,6,4
2019-09-09,294,301,290,294,294,8232700,2019,9,9,0
2019-09-10,291,297,282,287,287,12320200,2019,9,10,1
2019-09-11,285,292,284,288,288,7405900,2019,9,11,2
2019-09-12,288,292,286,288,288,5010900,2019,9,12,3
2019-09-13,290,296,290,294,294,6583100,2019,9,13,4
2019-09-16,294,297,289,294,294,5307400,2019,9,16,0
2019-09-17,294,299,291,298,298,4777100,2019,9,17,1
2019-09-18,294,296,287,291,291,7811100,2019,9,18,2
2019-09-19,291,293,283,286,286,8461300,2019,9,19,3
2019-09-20,280,282,266,270,270,23832800,2019,9,20,4
2019-09-23,268,273,261,265,265,13478600,2019,9,23,0
2019-09-24,262,265,252,254,254,16338200,2019,9,24,1
2019-09-25,255,266,253,264,264,11643800,2019,9,25,2
2019-09-26,266,268,260,263,263,7684000,2019,9,26,3
2019-09-27,266,267,260,263,263,7328300,2019,9,27,4
2019-09-30,264,268,262,267,267,6727200,2019,9,30,0
2019-10-01,267,272,264,269,269,8650300,2019,10,1,1
2019-10-02,263,269,262,268,268,7659100,2019,10,2,2
2019-10-03,267,268,257,268,268,8951000,2019,10,3,3
2019-10-04,268,275,266,272,272,9890400,2019,10,4,4
2019-10-07,271,276,271,274,274,6525600,2019,10,7,0
2019-10-08,273,275,270,270,270,6276400,2019,10,8,1
2019-10-09,270,271,264,267,267,6794400,2019,10,9,2
2019-10-10,265,280,265,280,280,10809100,2019,10,10,3
2019-10-11,284,287,282,282,282,8786100,2019,10,11,4
2019-10-14,283,286,282,285,285,5513200,2019,10,14,0
2019-10-15,283,285,279,284,284,7685600,2019,10,15,1
2019-10-16,283,288,280,286,286,16175900,2019,10,16,2
2019-10-17,304,308,288,293,293,38258900,2019,10,17,3
2019-10-18,289,290,273,275,275,23429900,2019,10,18,4
2019-10-21,272,279,269,278,278,12599200,2019,10,21,0
2019-10-22,271,275,265,266,266,11802400,2019,10,22,1
2019-10-23,268,273,266,271,271,7133500,2019,10,23,2
2019-10-24,271,274,268,271,271,4827400,2019,10,24,3
2019-10-25,270,277,270,276,276,4747800,2019,10,25,4
2019-10-28,278,285,277,281,281,6248400,2019,10,28,0
2019-10-29,281,284,277,281,281,4356200,2019,10,29,1
2019-10-30,284,293,283,291,291,9345600,2019,10,30,2
2019-10-31,291,291,284,287,287,5090000,2019,10,31,3
2019-11-01,288,289,283,286,286,5594300,2019,11,1,4
2019-11-04,288,295,287,292,292,5566200,2019,11,4,0
2019-11-05,289,291,286,288,288,4062400,2019,11,5,1
2019-11-06,288,290,285,288,288,3438300,2019,11,6,2
2019-11-07,290,298,288,289,289,5928500,2019,11,7,3
2019-11-08,288,293,287,291,291,4509000,2019,11,8,4
2019-11-11,289,296,288,294,294,3944300,2019,11,11,0
2019-11-12,295,295,288,292,292,5772800,2019,11,12,1
2019-11-13,291,293,281,283,283,9158900,2019,11,13,2
2019-11-14,283,290,283,289,289,6529000,2019,11,14,3
2019-11-15,290,295,287,295,295,6333800,2019,11,15,4
2019-11-18,296,304,293,302,302,8616600,2019,11,18,0
2019-11-19,304,305,298,302,302,5918000,2019,11,19,1
2019-11-20,301,308,301,305,305,5111800,2019,11,20,2
2019-11-21,306,312,304,311,311,7488400,2019,11,21,3
2019-11-22,309,311,304,310,310,5970100,2019,11,22,4
2019-11-25,308,315,305,315,315,7873900,2019,11,25,0
2019-11-26,315,316,311,312,312,5321000,2019,11,26,1
2019-11-27,313,316,312,315,315,4096900,2019,11,27,2
2019-11-29,315,316,313,314,314,2411700,2019,11,29,4
2019-12-02,314,314,303,309,309,6218800,2019,12,2,0
2019-12-03,302,307,301,306,306,4992800,2019,12,3,1
2019-12-04,308,308,303,304,304,3512100,2019,12,4,2
2019-12-05,305,306,298,302,302,4615500,2019,12,5,3
2019-12-06,304,307,302,307,307,4457800,2019,12,6,4
2019-12-09,307,311,302,302,302,5748400,2019,12,9,0
2019-12-10,296,298,292,293,293,10476100,2019,12,10,1
2019-12-11,294,299,294,298,298,5589800,2019,12,11,2
2019-12-12,295,299,295,298,298,4766600,2019,12,12,3
2019-12-13,298,301,297,298,298,3879700,2019,12,13,4
2019-12-16,300,305,298,304,304,4658900,2019,12,16,0
2019-12-17,307,316,306,315,315,10427100,2019,12,17,1
2019-12-18,316,325,315,320,320,11207400,2019,12,18,2
2019-12-19,324,332,324,332,332,9822300,2019,12,19,3
2019-12-20,335,338,330,336,336,9914900,2019,12,20,4
2019-12-23,337,337,331,333,333,5765300,2019,12,23,0
2019-12-24,334,335,331,333,333,2019300,2019,12,24,1
2019-12-26,334,336,332,332,332,3589900,2019,12,26,3
2019-12-27,332,333,326,329,329,5036100,2019,12,27,4
2019-12-30,329,329,322,323,323,4311500,2019,12,30,0
2019-12-31,322,324,321,323,323,3713300,2019,12,31,1
2020-01-02,326,329,324,329,329,4485800,2020,1,2,3
2020-01-03,326,329,325,325,325,3806900,2020,1,3,4
2020-01-06,323,336,321,335,335,5663100,2020,1,6,0
2020-01-07,336,336,330,330,330,4703200,2020,1,7,1
2020-01-08,331,342,331,339,339,7104500,2020,1,8,2
2020-01-09,342,343,334,335,335,4709300,2020,1,9,3
2020-01-10,337,338,327,329,329,4718300,2020,1,10,4
2020-01-13,331,340,331,338,338,6290000,2020,1,13,0
2020-01-14,344,345,335,338,338,7199400,2020,1,14,1
2020-01-15,338,343,336,339,339,5158000,2020,1,15,2
2020-01-16,343,343,335,338,338,5016000,2020,1,16,3
2020-01-17,341,341,337,339,339,6066500,2020,1,17,4
2020-01-21,340,341,332,338,338,14350300,2020,1,21,1
2020-01-22,332,336,323,326,326,21730000,2020,1,22,2
2020-01-23,326,349,325,349,349,18200300,2020,1,23,3
2020-01-24,348,359,345,353,353,17939700,2020,1,24,4
2020-01-27,345,351,341,342,342,7709500,2020,1,27,0
2020-01-28,345,352,342,348,348,6821600,2020,1,28,1
2020-01-29,349,349,338,343,343,7643500,2020,1,29,2
2020-01-30,341,348,339,347,347,5328100,2020,1,30,3
2020-01-31,347,347,340,345,345,5230000,2020,1,31,4
2020-02-03,347,359,346,358,358,6670600,2020,2,3,0
2020-02-04,361,369,356,369,369,7161500,2020,2,4,1
2020-02-05,375,375,362,369,369,6437000,2020,2,5,2
2020-02-06,369,371,362,366,366,3920400,2020,2,6,3
2020-02-07,365,371,363,366,366,4385200,2020,2,7,4
2020-02-10,365,374,362,371,371,5294100,2020,2,10,0
2020-02-11,373,378,369,373,373,4772900,2020,2,11,1
2020-02-12,377,380,375,380,380,4624800,2020,2,12,2
2020-02-13,376,385,376,381,381,4485400,2020,2,13,3
2020-02-14,381,385,379,380,380,3736300,2020,2,14,4
2020-02-18,379,389,379,387,387,5173900,2020,2,18,1
2020-02-19,388,392,384,386,386,4896400,2020,2,19,2
2020-02-20,386,389,376,386,386,4079400,2020,2,20,3
2020-02-21,385,387,377,380,380,3930100,2020,2,21,4
2020-02-24,364,372,361,368,368,6936400,2020,2,24,0
2020-02-25,372,375,357,360,360,6481200,2020,2,25,1
2020-02-26,366,382,365,379,379,8934100,2020,2,26,2
2020-02-27,371,391,370,371,371,10967700,2020,2,27,3
2020-02-28,364,376,356,369,369,11168600,2020,2,28,4
2020-03-02,373,381,364,381,381,6997900,2020,3,2,0
2020-03-03,381,393,367,368,368,8364600,2020,3,3,1
2020-03-04,377,384,370,383,383,5487300,2020,3,4,2
2020-03-05,381,391,368,372,372,8747000,2020,3,5,3
2020-03-06,367,371,356,368,368,8147200,2020,3,6,4
2020-03-09,343,357,341,346,346,7405500,2020,3,9,0
2020-03-10,356,364,347,364,364,7604400,2020,3,10,1
2020-03-11,358,362,344,349,349,6036000,2020,3,11,2
2020-03-12,326,335,307,315,315,12071600,2020,3,12,3
2020-03-13,330,336,307,336,336,9458200,2020,3,13,4
2020-03-16,306,334,294,298,298,10559900,2020,3,16,0
2020-03-17,306,322,290,319,319,10013900,2020,3,17,1
2020-03-18,302,331,300,315,315,12593600,2020,3,18,2
2020-03-19,324,348,316,332,332,10616000,2020,3,19,3
2020-03-20,342,350,332,332,332,10853800,2020,3,20,4
2020-03-23,347,366,340,360,360,13449400,2020,3,23,0
2020-03-24,369,372,353,357,357,11638700,2020,3,24,1
2020-03-25,361,362,339,342,342,8767200,2020,3,25,2
2020-03-26,344,363,341,362,362,7229600,2020,3,26,3
2020-03-27,359,368,353,357,357,7948800,2020,3,27,4
2020-03-30,363,377,361,370,370,8622000,2020,3,30,0
2020-03-31,367,383,366,375,375,9366500,2020,3,31,1
2020-04-01,376,380,361,364,364,6672500,2020,4,1,2
2020-04-02,364,370,360,370,370,4592500,2020,4,2,3
2020-04-03,367,370,357,361,361,4860800,2020,4,3,4
2020-04-06,365,380,361,379,379,8183900,2020,4,6,0
2020-04-07,380,381,369,372,372,7046400,2020,4,7,1
2020-04-08,374,378,368,371,371,6908900,2020,4,8,2
2020-04-09,371,372,363,370,370,7711300,2020,4,9,3
2020-04-13,371,400,367,396,396,11692900,2020,4,13,0
2020-04-14,397,417,394,413,413,11581000,2020,4,14,1
2020-04-15,413,434,412,426,426,13561200,2020,4,15,2
2020-04-16,437,449,431,439,439,16128700,2020,4,16,3
2020-04-17,431,432,414,422,422,12616300,2020,4,17,4
2020-04-20,435,444,430,437,437,12655800,2020,4,20,0
2020-04-21,444,447,425,433,433,23177600,2020,4,21,1
2020-04-22,429,433,413,421,421,21084800,2020,4,22,2
2020-04-23,419,438,419,426,426,13952300,2020,4,23,3
2020-04-24,425,427,415,424,424,8658900,2020,4,24,4
2020-04-27,425,429,420,421,421,6277500,2020,4,27,0
2020-04-28,419,421,402,403,403,10101200,2020,4,28,1
2020-04-29,399,415,393,411,411,9693100,2020,4,29,2
2020-04-30,410,424,408,419,419,7954000,2020,4,30,3
2020-05-01,415,427,411,415,415,8299900,2020,5,1,4
2020-05-04,417,428,414,428,428,7799100,2020,5,4,0
2020-05-05,427,431,421,424,424,6286300,2020,5,5,1
2020-05-06,429,439,426,434,434,6660700,2020,5,6,2
2020-05-07,436,438,430,436,436,5641900,2020,5,7,3
2020-05-08,434,442,433,435,435,5049300,2020,5,8,4
2020-05-11,436,444,435,440,440,5486000,2020,5,11,0
2020-05-12,442,444,431,431,431,4598200,2020,5,12,1
2020-05-13,435,447,427,438,438,7014600,2020,5,13,2
2020-05-14,444,452,432,441,441,9007500,2020,5,14,3
2020-05-15,440,455,437,454,454,7244000,2020,5,15,4
2020-05-18,451,456,443,452,452,7773500,2020,5,18,0
2020-05-19,453,458,450,451,451,4810500,2020,5,19,1
2020-05-20,454,455,444,447,447,5607300,2020,5,20,2
2020-05-21,448,448,430,436,436,9117300,2020,5,21,3
2020-05-22,437,439,427,429,429,5422300,2020,5,22,4
2020-05-26,427,428,413,414,414,7881100,2020,5,26,1
2020-05-27,410,420,397,419,419,10446300,2020,5,27,2
2020-05-28,417,422,411,413,413,5655100,2020,5,28,3
2020-05-29,417,420,411,419,419,5254900,2020,5,29,4
2020-06-01,418,426,415,425,425,3743700,2020,6,1,0
2020-06-02,425,427,419,427,427,3494800,2020,6,2,1
2020-06-03,426,427,418,421,421,4316000,2020,6,3,2
2020-06-04,422,428,410,414,414,5410500,2020,6,4,3
2020-06-05,407,420,404,419,419,5099600,2020,6,5,4
2020-06-08,416,420,406,419,419,5851500,2020,6,8,0
2020-06-09,421,434,420,434,434,6797000,2020,6,9,1
2020-06-10,436,439,430,434,434,4896900,2020,6,10,2
2020-06-11,428,445,424,425,425,7462900,2020,6,11,3
2020-06-12,429,434,412,418,418,6461100,2020,6,12,4
2020-06-15,421,426,415,425,425,4467900,2020,6,15,0
2020-06-16,425,437,425,436,436,5507900,2020,6,16,1
2020-06-17,441,450,439,447,447,6529600,2020,6,17,2
2020-06-18,448,452,442,449,449,4277600,2020,6,18,3
2020-06-19,449,453,445,453,453,5934500,2020,6,19,4
2020-06-22,455,468,454,468,468,6272100,2020,6,22,0
2020-06-23,466,474,464,466,466,5948400,2020,6,23,1
2020-06-24,468,472,454,457,457,4826200,2020,6,24,2
2020-06-25,458,467,454,465,465,4134500,2020,6,25,3
2020-06-26,466,468,442,443,443,6804700,2020,6,26,4
2020-06-29,445,447,432,447,447,4844000,2020,6,29,0
2020-06-30,450,457,447,455,455,4198500,2020,6,30,1
2020-07-01,454,488,454,485,485,9705900,2020,7,1,2
2020-07-02,485,492,475,476,476,6351500,2020,7,2,3
2020-07-06,480,499,479,493,493,7839000,2020,7,6,0
2020-07-07,497,504,490,493,493,5669900,2020,7,7,1
2020-07-08,498,505,493,502,502,5691700,2020,7,8,2
2020-07-09,508,510,495,507,507,5840500,2020,7,9,3
2020-07-10,519,555,511,548,548,21605600,2020,7,10,4
2020-07-13,567,575,520,525,525,18399000,2020,7,13,0
2020-07-14,517,525,490,524,524,15083300,2020,7,14,1
2020-07-15,516,529,510,523,523,10066700,2020,7,15,2
2020-07-16,526,535,504,527,527,24499000,2020,7,16,3
2020-07-17,494,503,484,492,492,24991400,2020,7,17,4
2020-07-20,489,504,484,502,502,11940300,2020,7,20,0
2020-07-21,506,506,488,490,490,9113700,2020,7,21,1
2020-07-22,492,497,487,489,489,6954100,2020,7,22,2
2020-07-23,491,491,472,477,477,7722000,2020,7,23,3
2020-07-24,468,487,467,480,480,7746200,2020,7,24,4
2020-07-27,484,496,482,495,495,7863100,2020,7,27,0
2020-07-28,496,497,487,488,488,5986700,2020,7,28,1
2020-07-29,492,494,484,484,484,6611800,2020,7,29,2
2020-07-30,480,488,477,485,485,6608600,2020,7,30,3
2020-07-31,488,494,484,488,488,5916300,2020,7,31,4
2020-08-03,490,503,490,498,498,5873100,2020,8,3,0
2020-08-04,498,510,498,509,509,5608000,2020,8,4,1
2020-08-05,508,510,501,502,502,4308200,2020,8,5,2
2020-08-06,504,510,498,509,509,3725900,2020,8,6,3
2020-08-07,505,508,486,494,494,5910300,2020,8,7,4
2020-08-10,493,497,478,483,483,4691200,2020,8,10,0
2020-08-11,479,480,466,466,466,7329200,2020,8,11,1
2020-08-12,471,482,470,475,475,5439200,2020,8,12,2
2020-08-13,478,484,476,481,481,3008900,2020,8,13,3
2020-08-14,482,488,480,482,482,2943500,2020,8,14,4
2020-08-17,484,486,479,482,482,2423500,2020,8,17,0
2020-08-18,484,495,482,491,491,3505500,2020,8,18,1
2020-08-19,493,494,483,484,484,3156200,2020,8,19,2
2020-08-20,484,498,483,497,497,5132500,2020,8,20,3
2020-08-21,496,498,490,492,492,3921300,2020,8,21,4
2020-08-24,495,501,483,488,488,4762200,2020,8,24,0
2020-08-25,488,492,485,490,490,5727700,2020,8,25,1
2020-08-26,492,549,492,547,547,20373700,2020,8,26,2
2020-08-27,537,541,521,526,526,9062900,2020,8,27,3
2020-08-28,532,539,522,523,523,4417500,2020,8,28,4
2020-08-31,521,531,517,529,529,4941400,2020,8,31,0
2020-09-01,532,557,532,556,556,9572700,2020,9,1,1
2020-09-02,553,556,537,552,552,5886900,2020,9,2,2
2020-09-03,545,554,521,525,525,9071100,2020,9,3,3
2020-09-04,520,527,485,516,516,8270100,2020,9,4,4
2020-09-08,498,522,495,507,507,5572700,2020,9,8,1
2020-09-09,519,520,492,500,500,6848100,2020,9,9,2
2020-09-10,503,506,478,480,480,6240200,2020,9,10,3
2020-09-11,486,493,476,482,482,5035200,2020,9,11,4
2020-09-14,480,488,471,476,476,7359100,2020,9,14,0
2020-09-15,484,497,481,495,495,5337000,2020,9,15,1
2020-09-16,499,504,483,483,483,4394900,2020,9,16,2
2020-09-17,475,478,463,470,470,5379300,2020,9,17,3
2020-09-18,472,479,458,469,469,6717700,2020,9,18,4
2020-09-21,467,487,466,487,487,5457500,2020,9,21,0
2020-09-22,489,491,479,491,491,3482300,2020,9,22,1
2020-09-23,491,491,469,470,470,3726400,2020,9,23,2
2020-09-24,470,477,467,473,473,3727200,2020,9,24,3
2020-09-25,474,484,468,482,482,3769400,2020,9,25,4
2020-09-28,489,492,477,490,490,4773500,2020,9,28,0
2020-09-29,489,496,486,493,493,3541500,2020,9,29,1
2020-09-30,492,504,489,500,500,4634100,2020,9,30,2
2020-10-01,506,529,503,527,527,8153700,2020,10,1,3
2020-10-02,516,526,502,503,503,6071200,2020,10,2,4
2020-10-05,506,520,501,520,520,4088100,2020,10,5,0
2020-10-06,518,521,504,505,505,4199000,2020,10,6,1
2020-10-07,518,536,515,534,534,7988700,2020,10,7,2
2020-10-08,533,535,524,531,531,5386500,2020,10,8,3
2020-10-09,537,544,535,539,539,4781300,2020,10,9,4
2020-10-12,548,551,538,539,539,5391100,2020,10,12,0
2020-10-13,540,557,537,554,554,5602500,2020,10,13,1
2020-10-14,562,572,541,541,541,9499000,2020,10,14,2
2020-10-15,545,551,535,541,541,5113100,2020,10,15,3
2020-10-16,549,554,530,530,530,6347400,2020,10,16,4
2020-10-19,537,541,525,530,530,7567500,2020,10,19,0
2020-10-20,528,533,522,525,525,10047200,2020,10,20,1
2020-10-21,501,506,488,489,489,17405700,2020,10,21,2
2020-10-22,494,495,482,485,485,6997900,2020,10,22,3
2020-10-23,488,490,481,488,488,4927900,2020,10,23,4
2020-10-26,487,496,478,488,488,6186100,2020,10,26,0
2020-10-27,490,490,482,488,488,3627200,2020,10,27,1
2020-10-28,486,494,483,486,486,5992700,2020,10,28,2
2020-10-29,488,513,479,504,504,11120700,2020,10,29,3
2020-10-30,502,505,472,475,475,7807900,2020,10,30,4
2020-11-02,478,486,475,484,484,4408200,2020,11,2,0
2020-11-03,484,495,478,487,487,3690200,2020,11,3,1
2020-11-04,495,507,493,496,496,5137300,2020,11,4,2
2020-11-05,506,518,503,513,513,5372800,2020,11,5,3
2020-11-06,515,515,502,514,514,4236300,2020,11,6,4
2020-11-09,485,495,467,470,470,10419700,2020,11,9,0
2020-11-10,470,484,463,480,480,8306100,2020,11,10,1
2020-11-11,483,491,478,490,490,5460500,2020,11,11,2
2020-11-12,491,496,480,486,486,5063700,2020,11,12,3
2020-11-13,486,488,477,482,482,3002700,2020,11,13,4
2020-11-16,480,485,477,479,479,3953600,2020,11,16,0
2020-11-17,480,487,478,480,480,3698100,2020,11,17,1
2020-11-18,481,488,477,481,481,3629200,2020,11,18,2
2020-11-19,482,487,480,484,484,2254700,2020,11,19,3
2020-11-20,485,494,481,488,488,4253400,2020,11,20,4
2020-11-23,490,491,475,476,476,5416600,2020,11,23,0
2020-11-24,478,484,475,482,482,3550500,2020,11,24,1
2020-11-25,485,486,478,485,485,3598600,2020,11,25,2
2020-11-27,486,493,481,491,491,2805800,2020,11,27,4
2020-11-30,490,492,481,490,490,3530900,2020,11,30,0
2020-12-01,492,509,491,504,504,5052700,2020,12,1,1
2020-12-02,501,506,493,503,503,3028400,2020,12,2,2
2020-12-03,502,508,496,497,497,2826100,2020,12,3,3
2020-12-04,497,504,493,498,498,3666200,2020,12,4,4
2020-12-07,500,517,497,515,515,4289300,2020,12,7,0
2020-12-08,517,521,505,512,512,4229000,2020,12,8,1
2020-12-09,510,514,491,493,493,4178800,2020,12,9,2
2020-12-10,494,503,492,501,501,3018200,2020,12,10,3
2020-12-11,495,503,494,503,503,3210900,2020,12,11,4
2020-12-14,505,524,501,522,522,5770400,2020,12,14,0
2020-12-15,518,524,513,519,519,3394900,2020,12,15,1
2020-12-16,520,527,517,524,524,3682400,2020,12,16,2
2020-12-17,529,535,526,532,532,3193400,2020,12,17,3
2020-12-18,533,536,526,534,534,4502700,2020,12,18,4
2020-12-21,530,532,521,528,528,3894000,2020,12,21,0
2020-12-22,527,530,520,527,527,1906600,2020,12,22,1
2020-12-23,524,526,514,514,514,2393200,2020,12,23,2
2020-12-24,515,519,512,513,513,1144000,2020,12,24,3
2020-12-28,516,523,507,519,519,2891900,2020,12,28,0
2020-12-29,519,536,515,530,530,4022400,2020,12,29,1
2020-12-30,530,533,523,524,524,1876300,2020,12,30,2
2020-12-31,525,545,523,540,540,5392300,2020,12,31,3
2021-01-04,539,540,515,522,522,4444400,2021,1,4,0
2021-01-05,521,526,515,520,520,3133900,2021,1,5,1
2021-01-06,511,513,499,500,500,5346200,2021,1,6,2
2021-01-07,508,516,506,508,508,3686400,2021,1,7,3
2021-01-08,511,513,504,510,510,2973900,2021,1,8,4
2021-01-11,507,510,497,499,499,3806200,2021,1,11,0
2021-01-12,500,501,485,494,494,5990400,2021,1,12,1
2021-01-13,495,512,493,507,507,5032100,2021,1,13,2
2021-01-14,507,514,499,500,500,4177400,2021,1,14,3
2021-01-15,500,506,495,497,497,5895800,2021,1,15,4
2021-01-19,501,509,493,501,501,12315800,2021,1,19,1
2021-01-20,565,593,556,586,586,32637500,2021,1,20,2
2021-01-21,582,588,570,579,579,11802100,2021,1,21,3
2021-01-22,582,583,564,565,565,7550800,2021,1,22,4
2021-01-25,567,569,548,556,556,7207300,2021,1,25,0
2021-01-26,554,567,554,561,561,5023800,2021,1,26,1
2021-01-27,550,556,515,523,523,8670300,2021,1,27,2
2021-01-28,535,553,530,538,538,5969000,2021,1,28,3
2021-01-29,538,541,530,532,532,4325300,2021,1,29,4
2021-02-01,536,545,531,539,539,3547500,2021,2,1,0
2021-02-02,542,555,538,548,548,3767600,2021,2,2,1
2021-02-03,550,550,538,539,539,3172300,2021,2,3,2
2021-02-04,539,559,537,552,552,5164500,2021,2,4,3
2021-02-05,552,554,545,550,550,2376200,2021,2,5,4
2021-02-08,555,555,543,547,547,2791700,2021,2,8,0
2021-02-09,546,566,543,559,559,3703500,2021,2,9,1
2021-02-10,562,566,553,563,563,3991300,2021,2,10,2
2021-02-11,564,565,554,557,557,2730600,2021,2,11,3
2021-02-12,556,561,550,556,556,2197100,2021,2,12,4
2021-02-16,557,563,552,557,557,2624100,2021,2,16,1
2021-02-17,550,555,543,551,551,2069600,2021,2,17,2
2021-02-18,549,550,538,548,548,2456200,2021,2,18,3
2021-02-19,548,548,538,540,540,2841500,2021,2,19,4
2021-02-22,534,541,530,533,533,3078600,2021,2,22,0
2021-02-23,525,548,518,546,546,4136500,2021,2,23,1
2021-02-24,539,556,539,553,553,3245000,2021,2,24,2
2021-02-25,550,556,535,546,546,4252900,2021,2,25,3
2021-02-26,546,553,538,538,538,3755600,2021,2,26,4
2021-03-01,545,552,542,550,550,3041400,2021,3,1,0
2021-03-02,553,556,546,547,547,3042200,2021,3,2,1
2021-03-03,545,548,517,520,520,5362400,2021,3,3,2
2021-03-04,521,531,507,511,511,5034800,2021,3,4,3
2021-03-05,511,517,498,516,516,5070000,2021,3,5,4
2021-03-08,514,518,492,493,493,3981800,2021,3,8,0
2021-03-09,507,513,503,506,506,3470000,2021,3,9,1
2021-03-10,513,518,504,504,504,3771500,2021,3,10,2
2021-03-11,512,530,510,523,523,4714500,2021,3,11,3
2021-03-12,512,526,506,518,518,3981700,2021,3,12,4
2021-03-15,516,520,508,520,520,3484300,2021,3,15,0
2021-03-16,524,533,523,524,524,3238900,2021,3,16,1
2021-03-17,522,528,514,524,524,2817400,2021,3,17,2
2021-03-18,516,517,503,504,504,4094500,2021,3,18,3
2021-03-19,504,513,501,512,512,4386400,2021,3,19,4
2021-03-22,509,529,509,523,523,3360600,2021,3,22,0
2021-03-23,529,543,529,535,535,5583500,2021,3,23,1
2021-03-24,533,534,520,520,520,4102200,2021,3,24,2
2021-03-25,516,518,497,502,502,4926800,2021,3,25,3
2021-03-26,502,508,496,508,508,3467800,2021,3,26,4
2021-03-29,505,518,504,513,513,3330000,2021,3,29,0
2021-03-30,510,514,506,513,513,2418100,2021,3,30,1
2021-03-31,515,528,515,521,521,3503100,2021,3,31,2
2021-04-01,529,540,527,539,539,3938600,2021,4,1,3
2021-04-05,540,542,529,540,540,3355900,2021,4,5,0
2021-04-06,544,554,543,544,544,3474200,2021,4,6,1
2021-04-07,543,549,541,546,546,2151300,2021,4,7,2
2021-04-08,551,556,547,554,554,4309800,2021,4,8,3
2021-04-09,552,556,547,555,555,2894000,2021,4,9,4
2021-04-12,551,557,549,552,552,2944100,2021,4,12,0
2021-04-13,557,559,550,553,553,2720300,2021,4,13,1
2021-04-14,554,554,538,540,540,3740300,2021,4,14,2
2021-04-15,544,553,542,549,549,3139100,2021,4,15,3
2021-04-16,550,551,539,546,546,3209100,2021,4,16,4
2021-04-19,546,556,545,554,554,4288700,2021,4,19,0
2021-04-20,554,563,546,549,549,11257600,2021,4,20,1
2021-04-21,508,515,503,508,508,22897400,2021,4,21,2
2021-04-22,513,513,500,508,508,9061100,2021,4,22,3
2021-04-23,509,509,500,505,505,7307700,2021,4,23,4
2021-04-26,506,510,503,510,510,4388800,2021,4,26,0
2021-04-27,512,512,504,505,505,3761300,2021,4,27,1
2021-04-28,505,508,503,506,506,3193000,2021,4,28,2
2021-04-29,507,509,499,509,509,5127800,2021,4,29,3
2021-04-30,505,514,505,513,513,4413200,2021,4,30,4
2021-05-03,512,518,505,509,509,4091900,2021,5,3,0
2021-05-04,510,511,496,503,503,4349500,2021,5,4,1
2021-05-05,504,507,494,496,496,3129400,2021,5,5,2
2021-05-06,495,499,491,499,499,3783700,2021,5,6,3
2021-05-07,504,508,501,503,503,3132800,2021,5,7,4
2021-05-10,502,503,486,486,486,5131600,2021,5,10,0
2021-05-11,479,497,478,495,495,4401000,2021,5,11,1
2021-05-12,486,493,482,484,484,4121500,2021,5,12,2
2021-05-13,489,490,482,486,486,2712500,2021,5,13,3
2021-05-14,487,494,486,493,493,2882500,2021,5,14,4
2021-05-17,485,492,482,488,488,2705200,2021,5,17,0
2021-05-18,488,493,486,486,486,2350500,2021,5,18,1
2021-05-19,481,488,478,487,487,3349900,2021,5,19,2
2021-05-20,489,502,488,501,501,3721200,2021,5,20,3
2021-05-21,503,505,497,497,497,3322900,2021,5,21,4
2021-05-24,501,504,499,502,502,2412600,2021,5,24,0
2021-05-25,506,506,499,501,501,2699500,2021,5,25,1
2021-05-26,502,504,500,502,502,2465300,2021,5,26,2
2021-05-27,501,505,498,503,503,3253800,2021,5,27,3
2021-05-28,504,511,502,502,502,2910300,2021,5,28,4
2021-06-01,504,505,497,499,499,2482600,2021,6,1,1
2021-06-02,499,503,495,499,499,2269000,2021,6,2,2
2021-06-03,495,496,487,489,489,3887400,2021,6,3,3
2021-06-04,492,501,490,494,494,3160500,2021,6,4,4
2021-06-07,492,496,490,494,494,2791900,2021,6,7,0
2021-06-08,497,498,489,492,492,2374000,2021,6,8,1
2021-06-09,494,496,484,485,485,3055000,2021,6,9,2
2021-06-10,487,490,482,487,487,4382900,2021,6,10,3
2021-06-11,490,491,487,488,488,3124000,2021,6,11,4
2021-06-14,489,503,486,499,499,4400200,2021,6,14,0
2021-06-15,501,501,490,491,491,3104100,2021,6,15,1
2021-06-16,495,496,486,492,492,3533200,2021,6,16,2
2021-06-17,490,501,490,498,498,3198300,2021,6,17,3
2021-06-18,496,504,495,500,500,5197600,2021,6,18,4
2021-06-21,501,502,492,497,497,5277300,2021,6,21,0
2021-06-22,498,513,495,508,508,5809300,2021,6,22,1
2021-06-23,508,516,508,512,512,3944800,2021,6,23,2
2021-06-24,517,520,514,518,518,3361200,2021,6,24,3
2021-06-25,528,533,525,527,527,5299100,2021,6,25,4
2021-06-28,528,533,524,533,533,2820200,2021,6,28,0
2021-06-29,533,536,528,533,533,2314600,2021,6,29,1
2021-06-30,534,534,526,528,528,2773400,2021,6,30,2
2021-07-01,525,537,525,533,533,2805400,2021,7,1,3
2021-07-02,535,538,529,533,533,1975500,2021,7,2,4
2021-07-06,533,542,533,541,541,2775100,2021,7,6,1
2021-07-07,544,544,531,535,535,2722500,2021,7,7,2
2021-07-08,530,535,529,530,530,3269000,2021,7,8,3
2021-07-09,531,538,528,535,535,2777200,2021,7,9,4
2021-07-12,540,540,532,537,537,1780700,2021,7,12,0
2021-07-13,535,545,535,540,540,2751600,2021,7,13,1
2021-07-14,541,554,541,547,547,4659500,2021,7,14,2
2021-07-15,553,557,538,542,542,5713900,2021,7,15,3
2021-07-16,541,544,527,530,530,3442100,2021,7,16,4
2021-07-19,526,534,522,532,532,3885800,2021,7,19,0
2021-07-20,526,536,520,531,531,6930400,2021,7,20,1
2021-07-21,526,530,505,513,513,11906800,2021,7,21,2
2021-07-22,510,513,507,511,511,4328100,2021,7,22,3
2021-07-23,512,517,504,515,515,3820500,2021,7,23,4
2021-07-26,514,521,509,516,516,2254500,2021,7,26,0
2021-07-27,518,521,512,518,518,2759000,2021,7,27,1
2021-07-28,521,524,516,519,519,2390500,2021,7,28,2
2021-07-29,519,520,513,514,514,1736000,2021,7,29,3
2021-07-30,512,519,510,517,517,2534900,2021,7,30,4
2021-08-02,519,519,510,515,515,2096600,2021,8,2,0
2021-08-03,514,515,505,510,510,2579400,2021,8,3,1
2021-08-04,513,517,510,517,517,2039400,2021,8,4,2
2021-08-05,517,525,514,524,524,2556700,2021,8,5,3
2021-08-06,524,526,519,520,520,1919400,2021,8,6,4
2021-08-09,521,522,517,519,519,1367800,2021,8,9,0
2021-08-10,520,520,512,515,515,1960500,2021,8,10,1
2021-08-11,517,519,509,512,512,1673900,2021,8,11,2
2021-08-12,511,513,507,510,510,1685700,2021,8,12,3
2021-08-13,512,521,511,515,515,2176300,2021,8,13,4
2021-08-16,515,523,512,517,517,2032800,2021,8,16,0
2021-08-17,515,520,514,518,518,2309800,2021,8,17,1
2021-08-18,520,526,518,521,521,2582000,2021,8,18,2
2021-08-19,522,548,521,543,543,7497300,2021,8,19,3
2021-08-20,545,551,539,546,546,3774300,2021,8,20,4
2021-08-23,545,555,543,553,553,2602000,2021,8,23,0
2021-08-24,551,555,549,553,553,2109500,2021,8,24,1
2021-08-25,550,552,545,547,547,2065600,2021,8,25,2
2021-08-26,546,552,545,550,550,1595500,2021,8,26,3
2021-08-27,551,564,549,558,558,3251100,2021,8,27,4
2021-08-30,557,567,556,566,566,2434800,2021,8,30,0
2021-08-31,566,569,561,569,569,2431900,2021,8,31,1
2021-09-01,569,591,569,582,582,5626200,2021,9,1,2
2021-09-02,583,598,583,588,588,6179900,2021,9,2,3
2021-09-03,585,591,583,590,590,2681200,2021,9,3,4
2021-09-07,594,613,593,606,606,5821400,2021,9,7,1
2021-09-08,603,615,595,606,606,5424500,2021,9,8,2
2021-09-09,606,609,596,597,597,2954200,2021,9,9,3
2021-09-10,598,609,593,598,598,3948000,2021,9,10,4
2021-09-13,598,598,582,589,589,3062900,2021,9,13,0
2021-09-14,584,587,575,577,577,3457000,2021,9,14,1
2021-09-15,578,584,575,582,582,2755600,2021,9,15,2
2021-09-16,584,587,577,586,586,1832000,2021,9,16,3
2021-09-17,587,590,580,589,589,4145100,2021,9,17,4
2021-09-20,586,591,568,575,575,3732200,2021,9,20,0
2021-09-21,578,581,569,573,573,2250900,2021,9,21,1
2021-09-22,579,595,579,590,590,4021800,2021,9,22,2
2021-09-23,590,599,589,593,593,2526200,2021,9,23,3
2021-09-24,592,592,583,592,592,2126200,2021,9,24,4
2021-09-27,587,593,576,592,592,2504700,2021,9,27,0
2021-09-28,589,599,580,583,583,4431100,2021,9,28,1
2021-09-29,589,609,588,599,599,6221000,2021,9,29,2
2021-09-30,608,619,608,610,610,6612600,2021,9,30,3
2021-10-01,604,614,597,613,613,4090800,2021,10,1,4
2021-10-04,613,626,594,603,603,4995900,2021,10,4,0
2021-10-05,606,640,606,634,634,9534300,2021,10,5,1
2021-10-06,628,639,626,639,639,4580400,2021,10,6,2
2021-10-07,642,646,630,631,631,3556900,2021,10,7,3
2021-10-08,634,643,630,632,632,3271100,2021,10,8,4
2021-10-11,633,639,626,627,627,2862500,2021,10,11,0
2021-10-12,633,637,621,624,624,3227300,2021,10,12,1
2021-10-13,632,632,622,629,629,2420300,2021,10,13,2
2021-10-14,632,636,626,633,633,2671700,2021,10,14,3
2021-10-15,638,639,625,628,628,4114400,2021,10,15,4
2021-10-18,632,638,620,637,637,4669100,2021,10,18,0
2021-10-19,636,641,632,639,639,7633100,2021,10,19,1
2021-10-20,625,637,617,625,625,10622000,2021,10,20,2
2021-10-21,628,654,628,653,653,8437100,2021,10,21,3
2021-10-22,651,665,651,664,664,6186000,2021,10,22,4
2021-10-25,663,675,657,671,671,3833500,2021,10,25,0
2021-10-26,673,676,662,668,668,2904800,2021,10,26,1
2021-10-27,669,671,661,662,662,2276900,2021,10,27,2
2021-10-28,670,676,668,674,674,2859400,2021,10,28,3
2021-10-29,673,690,671,690,690,3817500,2021,10,29,4
2021-11-01,689,689,676,681,681,3110900,2021,11,1,0
2021-11-02,683,687,673,677,677,3888600,2021,11,2,1
2021-11-03,677,689,677,688,688,2334900,2021,11,3,2
2021-11-04,685,685,665,668,668,4865000,2021,11,4,3
2021-11-05,663,665,645,645,645,5277400,2021,11,5,4
2021-11-08,650,656,643,651,651,2887500,2021,11,8,0
2021-11-09,653,660,650,655,655,2415600,2021,11,9,1
2021-11-10,653,660,642,646,646,2405800,2021,11,10,2
2021-11-11,650,665,649,657,657,2868300,2021,11,11,3
2021-11-12,660,683,653,682,682,4192700,2021,11,12,4
2021-11-15,681,685,671,679,679,2872200,2021,11,15,0
2021-11-16,678,688,676,687,687,2077400,2021,11,16,1
2021-11-17,690,700,686,691,691,2732800,2021,11,17,2
2021-11-18,691,691,679,682,682,2012900,2021,11,18,3
2021-11-19,692,694,675,678,678,2613700,2021,11,19,4
2021-11-22,676,679,656,659,659,2764400,2021,11,22,0
2021-11-23,658,666,646,654,654,2320200,2021,11,23,1
2021-11-24,658,661,651,658,658,1867300,2021,11,24,2
2021-11-26,675,676,660,665,665,2872500,2021,11,26,4
2021-11-29,663,667,658,663,663,2529400,2021,11,29,0
2021-11-30,668,675,640,641,641,5608900,2021,11,30,1
2021-12-01,649,654,617,617,617,3882800,2021,12,1,2
2021-12-02,617,625,612,616,616,3331100,2021,12,2,3
2021-12-03,622,625,594,602,602,4825200,2021,12,3,4
2021-12-06,606,617,601,612,612,3075700,2021,12,6,0
2021-12-07,619,628,611,625,625,3125200,2021,12,7,1
2021-12-08,630,632,623,628,628,2220300,2021,12,8,2
2021-12-09,627,630,610,611,611,2376300,2021,12,9,3
2021-12-10,616,617,605,611,611,2747900,2021,12,10,4
2021-12-13,612,612,599,604,604,2517900,2021,12,13,0
2021-12-14,598,602,588,597,597,2984500,2021,12,14,1
2021-12-15,598,605,584,605,605,2866200,2021,12,15,2
2021-12-16,597,602,588,591,591,3143200,2021,12,16,3
2021-12-17,591,593,581,586,586,4386900,2021,12,17,4
2021-12-20,586,602,584,593,593,3358400,2021,12,20,0
2021-12-21,597,607,593,604,604,2319400,2021,12,21,1
2021-12-22,603,614,602,614,614,2335700,2021,12,22,2
2021-12-23,616,616,607,614,614,1621100,2021,12,23,3
2021-12-27,615,615,609,613,613,2061500,2021,12,27,0
2021-12-28,614,618,609,610,610,1882800,2021,12,28,1
2021-12-29,610,613,604,610,610,1287200,2021,12,29,2
2021-12-30,612,620,611,612,612,1625100,2021,12,30,3
2021-12-31,610,614,602,602,602,1995900,2021,12,31,4
2022-01-03,605,609,590,597,597,3067500,2022,1,3,0
2022-01-04,599,600,581,591,591,4393100,2022,1,4,1
2022-01-05,592,592,566,567,567,4148700,2022,1,5,2
2022-01-06,554,563,542,553,553,5711800,2022,1,6,3
2022-01-07,549,553,538,541,541,3381700,2022,1,7,4
2022-01-10,538,543,526,539,539,4486100,2022,1,10,0
2022-01-11,536,543,530,540,540,3077800,2022,1,11,1
2022-01-12,544,544,532,537,537,3787400,2022,1,12,2
2022-01-13,537,540,518,519,519,4475100,2022,1,13,3
2022-01-14,517,538,511,525,525,7849400,2022,1,14,4
2022-01-18,520,521,508,510,510,4839100,2022,1,18,1
2022-01-19,515,523,510,515,515,4353500,2022,1,19,2
2022-01-20,517,526,506,508,508,12659000,2022,1,20,3
2022-01-21,400,409,379,397,397,58904300,2022,1,21,4
2022-01-24,383,387,351,387,387,32346000,2022,1,24,0
2022-01-25,379,387,365,366,366,15145800,2022,1,25,1
2022-01-26,378,382,356,359,359,12684000,2022,1,26,2
2022-01-27,382,394,378,386,386,24324700,2022,1,27,3
2022-01-28,386,387,372,384,384,11966600,2022,1,28,4
2022-01-31,401,427,398,427,427,20047500,2022,1,31,0
2022-02-01,432,458,425,457,457,22542300,2022,2,1,1
2022-02-02,448,451,426,429,429,14346000,2022,2,2,2
2022-02-03,421,429,404,405,405,9905200,2022,2,3,3
2022-02-04,407,412,396,410,410,7782400,2022,2,4,4
